<?xml version="1.0" encoding="utf-8" standalone="yes" ?>
<Window size="480,268" mininfo="480,268" sizebox="4,4,4,4" caption="0,0,0,30">
	<Font shared="true" id="0" name="Consolas" size="14" bold="false" italic="false" />
	<Font shared="true" id="1" name="Consolas" size="16" bold="false" italic="false" default="true" />
	<VerticalLayout name="bg" bkcolor="#FF2F9EED" inset="1,0,1,1">
		<HorizontalLayout name="title" height="30">
			<Label name="labTitle" text="Password Generator - Sanwer.com" textpadding="8,0,8,0" textcolor="#FFFFFFFF" disabledtextcolor="#FFA7A6AA" />
			<Button name="closebtn" width="30" height="30" normalimage="file='btnClose.png' source='0,0,30,30'" hotimage="file='btnClose.png' source='30,0,60,30'" pushedimage="file='btnClose.png' source='60,0,90,30'" />
		</HorizontalLayout>
		<VerticalLayout name="content" bkcolor="#FFFFFFFF" inset="15,15,15,15">
			<HorizontalLayout name="content">
				<VerticalLayout width="280">
					<HorizontalLayout height="24">
						<RichEdit name="editLower" height="24" textcolor="#FF000000" textpadding="3,3,3,3" bordercolor="#FF64B9F5" focusbordercolor="#FF2F9EED" bordersize="1" borderround="2,2" multiline="true" text="abcdefghijklmnopqrstuvwxyz" />
						<Control width="10" />
						<CheckBox name="chkLower" width="24" height="24" normalimage="file='btnButton.png' source='0,14,12,26' dest='0,0,24,24' corner='3,3,3,3'" selectedimage="file='btnButton.png' source='0,0,12,12' dest='0,0,24,24' corner='3,3,3,3'" selected="true" />
					</HorizontalLayout>
					<Control />
					<HorizontalLayout height="24">
						<RichEdit name="editUpper" height="24" textcolor="#FF000000" textpadding="3,3,3,3" bordercolor="#FF64B9F5" focusbordercolor="#FF2F9EED" bordersize="1" borderround="2,2" multiline="true" text="ABCDEFGHIJKLMNOPQRSTUVWXYZ" />
						<Control width="10" />
						<CheckBox name="chkUpper" width="24" height="24" normalimage="file='btnButton.png' source='0,14,12,26' dest='0,0,24,24' corner='3,3,3,3'" selectedimage="file='btnButton.png' source='0,0,12,12' dest='0,0,24,24' corner='3,3,3,3'" selected="true" />
					</HorizontalLayout>
					<Control />
					<HorizontalLayout height="24">
						<RichEdit name="editNumber" height="24" textcolor="#FF000000" textpadding="3,3,3,3" bordercolor="#FF64B9F5" focusbordercolor="#FF2F9EED" bordersize="1" borderround="2,2" multiline="true" text="1234567890" />
						<Control width="10" />
						<CheckBox name="chkNumber" width="24" height="24" normalimage="file='btnButton.png' source='0,14,12,26' dest='0,0,24,24' corner='3,3,3,3'" selectedimage="file='btnButton.png' source='0,0,12,12' dest='0,0,24,24' corner='3,3,3,3'" selected="true" />
					</HorizontalLayout>
					<Control />
					<HorizontalLayout height="24">
						<RichEdit name="editSymbol" height="24" textcolor="#FF000000" textpadding="3,3,3,3" bordercolor="#FF64B9F5" focusbordercolor="#FF2F9EED" bordersize="1" borderround="2,2" multiline="true" text="!@#$%^&*();,./:<>?" />
						<Control width="10" />
						<CheckBox name="chkSymbol" width="24" height="24" normalimage="file='btnButton.png' source='0,14,12,26' dest='0,0,24,24' corner='3,3,3,3'" selectedimage="file='btnButton.png' source='0,0,12,12' dest='0,0,24,24' corner='3,3,3,3'" />
					</HorizontalLayout>
					<Control />
					<HorizontalLayout height="24">
						<Label name="labLength" width="60" text="Length" textpadding="0,2,4,2" textcolor="#FF2F9EED" align="center" valign="center" />
						<RichEdit name="editLength" height="24" textcolor="#FF000000" textpadding="3,3,3,3" bordercolor="#FF2F9EED" bordersize="1" borderround="2,2" text="16" />
						<Control width="15" />
						<Label name="labCount" width="56" text="Count" textpadding="0,2,6,2" textcolor="#FF2F9EED" align="center" valign="center" />
						<RichEdit name="editCount" height="24" textcolor="#FF000000" textpadding="3,3,3,3" bordercolor="#FF2F9EED" bordersize="1" borderround="2,2" text="10" />
					</HorizontalLayout>
					<Control />
					<Button name="btnGenerator" height="32" text="Generate Password" font="1" bkcolor="#FF2F9EED" pushedbkcolor="#FF64B9F5" textcolor="#FFFFFFFF" borderround="2,2" />
				</VerticalLayout>
				<Control width="15" />
				<RichEdit name="editPassword" textcolor="#FF000000" textpadding="4,4,4,4" bordercolor="#FF2F9EED" bordersize="1" borderround="2,2" multiline="true" />
			</HorizontalLayout>
		</VerticalLayout>
	</VerticalLayout>
</Window>
