<?xml version="1.0" encoding="utf-8" standalone="yes" ?>
<Window size="560,420" sizebox="5,5,5,5" caption="0,0,0,30">
	<Font shared="true" id="0" name="宋体" size="16" bold="false" italic="false" />
	<Font shared="true" id="1" name="宋体" size="18" bold="false" italic="false" default="true" />
	<VerticalLayout name="bg" bkcolor="#FF2F9EED" inset="1,0,1,1">
		<HorizontalLayout name="title" height="30">
			<Label name="labTitle" text="随机密码生成器" textpadding="8,0,8,0" textcolor="#FFFFFFFF" disabledtextcolor="#FFA7A6AA" />
			<Button name="closebtn" width="30" height="30" normalimage="file='btnClose.png' source='0,0,30,30'" hotimage="file='btnClose.png' source='30,0,60,30'" pushedimage="file='btnClose.png' source='60,0,90,30'" />
		</HorizontalLayout>
		<VerticalLayout name="content" bkcolor="#FFFFFFFF" inset="20,20,20,20">
			<HorizontalLayout name="content">
				<VerticalLayout>
					<RichEdit name="editLower" height="30" textcolor="#FF000000" textpadding="3,3,3,3" bordercolor="#FF64B9F5" focusbordercolor="#FF2F9EED" bordersize="1" borderround="2,2" multiline="true" text="abcdefghijklmnopqrstuvwxyz" />
					<Control />
					<RichEdit name="editUpper" height="30" textcolor="#FF000000" textpadding="3,3,3,3" bordercolor="#FF64B9F5" focusbordercolor="#FF2F9EED" bordersize="1" borderround="2,2" multiline="true" text="ABCDEFGHIJKLMNOPQRSTUVWXYZ" />
					<Control />
					<RichEdit name="editNumber" height="30" textcolor="#FF000000" textpadding="3,3,3,3" bordercolor="#FF64B9F5" focusbordercolor="#FF2F9EED" bordersize="1" borderround="2,2" multiline="true" text="1234567890" />
					<Control />
					<RichEdit name="editSymbol" height="30" textcolor="#FF000000" textpadding="3,3,3,3" bordercolor="#FF64B9F5" focusbordercolor="#FF2F9EED" bordersize="1" borderround="2,2" multiline="true" text="!@#$%^&*();,./:<>?" />
					<Control />
					<HorizontalLayout>
						<CheckBox name="chkLower" text="小写字母" width="110" height="30" font="0" textcolor="#FF333333" textpadding="26,6,0,0" align="left" normalimage="file='btnButton.png' source='0,14,12,26' dest='0,6,22,24' corner='2,2,2,2'" selectedimage="file='btnButton.png' source='0,0,12,12' dest='0,4,22,26' corner='2,2,2,2'" selected="true" />
						<Control />
						<CheckBox name="chkUpper" text="大写字母" width="110" height="30" font="0" textcolor="#FF333333" textpadding="26,6,0,0" align="left" normalimage="file='btnButton.png' source='0,14,12,26' dest='0,6,22,24' corner='2,2,2,2'" selectedimage="file='btnButton.png' source='0,0,12,12' dest='0,4,22,26' corner='2,2,2,2'" />
					</HorizontalLayout>
					<Control />
					<HorizontalLayout>
						<CheckBox name="chkNumber" text="数字字符" width="110" height="30" font="0" textcolor="#FF333333" textpadding="26,6,0,0" align="left" normalimage="file='btnButton.png' source='0,14,12,26' dest='0,6,22,24' corner='2,2,2,2'" selectedimage="file='btnButton.png' source='0,0,12,12' dest='0,4,22,26' corner='2,2,2,2'" selected="true" />
						<Control />
						<CheckBox name="chkSymbol" text="特殊字符" width="110" height="30" font="0" textcolor="#FF333333" textpadding="26,6,0,0" align="left" normalimage="file='btnButton.png' source='0,14,12,26' dest='0,6,22,24' corner='2,2,2,2'" selectedimage="file='btnButton.png' source='0,0,12,12' dest='0,4,22,26' corner='2,2,2,2'" />
					</HorizontalLayout>
				</VerticalLayout>
				<Control width="20" />
				<RichEdit name="editPassword" textcolor="#FF000000" textpadding="3,3,3,3" bordercolor="#FF64B9F5" focusbordercolor="#FF2F9EED" bordersize="1" borderround="2,2" multiline="true" />
			</HorizontalLayout>
			<Control height="20" />
			<Button name="btnGenerator" height="40" text="生成随机密码" bkcolor="#FF64B9F5" hotbkcolor="#FF2F9EED" pushedbkcolor="#FF64B9F5" textcolor="#FFFFFFFF" borderround="2,2" />
		</VerticalLayout>
	</VerticalLayout>
</Window>
